{"vegas": {"1": {"1": {"delay": 1505.585, "loss": 0.0027604279767534656, "tput": 0.14820270691385146}, "all": {"delay": 1505.585, "loss": 0.0027604279767534656, "tput": 0.14820270691385146}}}, "bbr": {"1": {"1": {"delay": 1494.678, "loss": 0.13256308186285537, "tput": 0.3396269347698721}, "all": {"delay": 1494.678, "loss": 0.13256308186285537, "tput": 0.3396269347698721}}}, "cubic": {"1": {"1": {"delay": 1488.103, "loss": 0.10888772492434007, "tput": 0.6076043175053564}, "all": {"delay": 1488.103, "loss": 0.10888772492434007, "tput": 0.6076043175053564}}}}