{"vegas": {"1": {"1": {"delay": 1503.39, "loss": 0.0032114963003562202, "tput": 0.2546761034961505}, "all": {"delay": 1503.39, "loss": 0.0032114963003562202, "tput": 0.2546761034961505}}}, "bbr": {"1": {"1": {"delay": 7421.431, "loss": 0.1676735047169755, "tput": 0.3808047683941893}, "all": {"delay": 7421.431, "loss": 0.1676735047169755, "tput": 0.3808047683941893}}}, "cubic": {"1": {"1": {"delay": 8909.536, "loss": 0.19173219310251022, "tput": 0.5200559951100936}, "all": {"delay": 8909.536, "loss": 0.19173219310251022, "tput": 0.5200559951100936}}}}